name,datetime,temp,feelslike,dew,humidity,precip,precipprob,preciptype,snow,snowdepth,windgust,windspeed,winddir,sealevelpressure,cloudcover,visibility,solarradiation,solarenergy,uvindex,severerisk,conditions,icon,stations
pittsburgh,2024-04-01T00:00:00,10.9,10.9,5.7,70.38,0,0,,0,0,13,8,55,1012.5,90.7,15.4,0,0,0,10,Overcast,cloudy,"KBTP,KAGC,KPIT,0561W"
pittsburgh,2024-04-01T01:00:00,10.3,10.3,5.7,72.98,0,0,,0,0,14.8,7.3,60,1011.9,90.7,16,0,0,0,10,Overcast,cloudy,"KBTP,KAGC,KPIT,0561W"
pittsburgh,2024-04-01T02:00:00,10.3,10.3,5.7,72.83,0,0,,0,0,14.8,7.5,69,1010.8,100,16,0,0,0,10,Overcast,cloudy,"KBTP,KAGC,KPIT,0561W"
pittsburgh,2024-04-01T03:00:00,9.8,9.8,6.2,77.77,0,0,rain,0,0,16.6,0.3,3,1011,100,12.9,0,0,0,10,Overcast,cloudy,"KBTP,KAGC,KPIT,0561W"
pittsburgh,2024-04-01T04:00:00,8.7,7.9,7.5,92.05,4.042,100,rain,0,0,20.5,6.4,12,1010.8,100,6.3,0,0,0,10,"Rain, Overcast",rain,"KBTP,KAGC,KPIT,0561W"
pittsburgh,2024-04-01T05:00:00,8.7,7.4,7.6,92.97,5.447,100,rain,0,0,22.3,8.7,13,1010.6,100,3.2,0,0,0,10,"Rain, Overcast",rain,"KBTP,KAGC,KPIT,0561W"
pittsburgh,2024-04-01T06:00:00,8.7,7.6,7.6,92.97,2.327,100,rain,0,0,20.5,7.7,74,1010,100,6,0,0,0,10,"Rain, Overcast",rain,"KBTP,KAGC,KPIT,0561W"
pittsburgh,2024-04-01T07:00:00,8.9,8,8.2,95.39,1.051,100,rain,0,0,20.5,6.8,358,1010.9,100,2.5,0,0,0,10,"Rain, Overcast",rain,"KBTP,KAGC,KPIT,0561W"
pittsburgh,2024-04-01T08:00:00,8.9,7.6,7.8,93.12,0.669,100,rain,0,0,18.4,8.5,9,1011.6,100,1.1,30,0.1,0,10,"Rain, Overcast",rain,"KBTP,KAGC,KPIT,0561W"
pittsburgh,2024-04-01T09:00:00,8.9,7.9,8.2,95.4,0.91,100,rain,0,0,16.6,7.5,27,1012.4,100,2.4,29,0.1,0,10,"Rain, Overcast",rain,"KBTP,KAGC,KPIT,0561W"
pittsburgh,2024-04-01T10:00:00,9.9,9.9,8.9,93.3,0.454,100,rain,0,0,16.6,3.8,85,1011.6,100,9.1,53,0.2,1,10,"Rain, Overcast",rain,"KBTP,KAGC,KPIT,0561W"
pittsburgh,2024-04-01T11:00:00,10.7,10.7,9.4,91.47,0.873,100,rain,0,0,11.2,8.7,141,1011.6,99.2,8.8,169,0.6,2,10,"Rain, Overcast",rain,"KBTP,KAGC,KPIT,0561W"
pittsburgh,2024-04-01T12:00:00,11.8,11.8,10.4,91.44,0.05,100,rain,0,0,14.8,12.8,354,1012,100,7.7,257,0.9,3,10,"Rain, Overcast",rain,"KBTP,KAGC,KPIT,0561W"
pittsburgh,2024-04-01T13:00:00,14.5,14.5,11,79.32,0.063,100,rain,0,0,13,4.3,356,1011.7,91.5,14.6,550,2,6,10,"Rain, Overcast",rain,"KBTP,KAGC,KPIT,0561W"
pittsburgh,2024-04-01T14:00:00,16,16,10.5,69.86,0.082,100,rain,0,0,11.2,11,354,1012,91.5,16,473,1.7,5,10,"Rain, Overcast",rain,"KBTP,KAGC,KPIT,0561W"
pittsburgh,2024-04-01T15:00:00,13.9,13.9,10,77.33,0,1,,0,0,9.4,9.4,360,1012,94,16.3,506,1.8,5,10,Overcast,cloudy,
pittsburgh,2024-04-01T16:00:00,13.9,13.9,10,77.33,0,1,,0,0,7.6,9.4,360,1011,95,16.3,430,1.5,4,10,Overcast,cloudy,
pittsburgh,2024-04-01T17:00:00,14.5,14.5,10,74.39,0,1,,0,0,7.6,7.6,20,1011,95,16.3,372,1.3,4,10,Overcast,cloudy,
pittsburgh,2024-04-01T18:00:00,14.5,14.5,10.6,77.43,0,1,,0,0,13,9.4,40,1012,57,16.3,213,0.8,2,10,Partially cloudy,partly-cloudy-day,
pittsburgh,2024-04-01T19:00:00,13.9,13.9,10.6,80.49,0,1,,0,0,14.8,9.4,50,1013,74,16.3,100,0.4,1,10,Partially cloudy,partly-cloudy-day,
pittsburgh,2024-04-01T20:00:00,13.4,13.4,10.6,83.15,0,4,,0,0,18.4,11.2,40,1013,90,16.3,44,0.2,0,10,Partially cloudy,partly-cloudy-night,
pittsburgh,2024-04-01T21:00:00,12.3,12.3,10.6,89.36,0,14,,0,0,20.5,14.8,60,1012,89,12.7,0,0,0,10,Partially cloudy,partly-cloudy-night,
pittsburgh,2024-04-01T22:00:00,11.7,11.7,10.6,92.96,0,44,rain,0,0,22.3,14.8,80,1010,92,11.2,0,0,0,10,Overcast,cloudy,
pittsburgh,2024-04-01T23:00:00,11.7,11.7,10.6,92.96,0,72,rain,0,0,24.1,16.6,90,1010,88,9.5,0,0,0,10,"Rain, Partially cloudy",rain,
pittsburgh,2024-04-02T00:00:00,11.7,11.7,10.6,92.96,0.8,87,rain,0,0,22.3,14.8,80,1009,90,4.8,0,0,0,10,"Rain, Partially cloudy",rain,
pittsburgh,2024-04-02T01:00:00,11.7,11.7,10.6,92.96,2.5,71,rain,0,0,20.5,14.8,90,1007,90,3.2,0,0,0,10,"Rain, Partially cloudy",rain,
pittsburgh,2024-04-02T02:00:00,11.7,11.7,11.2,96.75,3.4,75,rain,0,0,22.3,14.8,110,1008,91,3.3,0,0,0,10,"Rain, Overcast",rain,
pittsburgh,2024-04-02T03:00:00,11.7,11.7,11.2,96.75,0.5,85,rain,0,0,20.5,13,100,1008,92,0.8,0,0,0,10,"Rain, Overcast",rain,
pittsburgh,2024-04-02T04:00:00,11.7,11.7,11.2,96.75,0.5,96,rain,0,0,18.4,13,120,1008,89,1.2,0,0,0,10,"Rain, Partially cloudy",rain,
pittsburgh,2024-04-02T05:00:00,11.7,11.7,11.2,96.75,1.3,88,rain,0,0,18.4,13,120,1007,91,0.8,0,0,0,10,"Rain, Overcast",rain,
pittsburgh,2024-04-02T06:00:00,12.3,12.3,11.2,93,0.5,93,rain,0,0,18.4,13,110,1006,90,2.6,0,0,0,10,"Rain, Partially cloudy",rain,
pittsburgh,2024-04-02T07:00:00,12.3,12.3,11.2,93,0.8,97,rain,0,0,18.4,11.2,110,1005,88,1.8,0,0,0,10,"Rain, Partially cloudy",rain,
pittsburgh,2024-04-02T08:00:00,12.3,12.3,11.2,93,6.6,95,rain,0,0,22.3,14.8,110,1004,91,1.8,12,0,0,10,"Rain, Overcast",rain,
pittsburgh,2024-04-02T09:00:00,12.8,12.8,11.7,93.02,1.3,100,rain,0,0,24.1,16.6,120,1004,86,1.9,57,0.2,1,10,"Rain, Partially cloudy",rain,
pittsburgh,2024-04-02T10:00:00,12.8,12.8,12.3,96.77,3,95,rain,0,0,29.5,18.4,130,1002,89,2.6,53,0.2,1,10,"Rain, Partially cloudy",rain,
pittsburgh,2024-04-02T11:00:00,13.4,13.4,12.8,96.16,2.5,83,rain,0,0,29.5,20.5,120,1002,92,2.6,77,0.3,1,10,"Rain, Overcast",rain,
pittsburgh,2024-04-02T12:00:00,14.5,14.5,12.8,89.53,2.8,74,rain,0,0,33.5,22.3,140,1001,91,3.2,165,0.6,2,10,"Rain, Overcast",rain,
pittsburgh,2024-04-02T13:00:00,15.6,15.6,13.4,86.75,1,59,rain,0,0,31.3,22.3,170,1001,85,4.7,273,1,3,10,"Rain, Partially cloudy",rain,
pittsburgh,2024-04-02T14:00:00,16.2,16.2,13.9,86.25,12.4,46,rain,0,0,31.3,22.3,190,1001,91,6.3,206,0.7,2,10,"Rain, Overcast",rain,
pittsburgh,2024-04-02T15:00:00,16.7,16.7,13.9,83.54,0.5,45,rain,0,0,29.5,20.5,190,1001,89,7.9,121,0.4,1,10,Partially cloudy,partly-cloudy-day,
pittsburgh,2024-04-02T16:00:00,17.8,17.8,14.5,81.02,0.3,41,rain,0,0,33.5,22.3,200,1001,89,7.9,115,0.4,1,10,Partially cloudy,partly-cloudy-day,
pittsburgh,2024-04-02T17:00:00,17.8,17.8,14.5,81.02,0.3,38,rain,0,0,35.3,22.3,200,999,89,6.3,104,0.4,1,10,Partially cloudy,partly-cloudy-day,
pittsburgh,2024-04-02T18:00:00,17.8,17.8,14.5,81.02,0.5,43,rain,0,0,31.3,22.3,190,999,88,6.3,74,0.3,1,30,Partially cloudy,partly-cloudy-day,
pittsburgh,2024-04-02T19:00:00,17.8,17.8,14.5,81.02,2.3,40,rain,0,0,33.5,22.3,180,998,86,6.3,49,0.2,0,10,Partially cloudy,partly-cloudy-day,
pittsburgh,2024-04-02T20:00:00,17.3,17.3,14.5,83.61,6.5,96,rain,0,0,35.3,24.1,180,997,77,6.3,23,0.1,0,10,"Rain, Partially cloudy",rain,
pittsburgh,2024-04-02T21:00:00,16.2,16.2,14.5,89.66,0,96,rain,0,0,38.9,25.9,160,997,57,8.8,15,0.1,0,10,"Rain, Partially cloudy",rain,
pittsburgh,2024-04-02T22:00:00,16.2,16.2,13.9,86.25,0,96,rain,0,0,40.7,27.7,170,996,62,11.2,8,0,0,3,"Rain, Partially cloudy",rain,
pittsburgh,2024-04-02T23:00:00,15.6,15.6,13.9,89.62,1.5,96,rain,0,0,42.5,27.7,170,996,67,13.7,0,0,0,10,"Rain, Partially cloudy",rain,
pittsburgh,2024-04-03T00:00:00,15,15,13.4,90.16,0,96,rain,0,0,44.3,27.7,170,996,72,14.6,0,0,0,10,"Rain, Partially cloudy",rain,
pittsburgh,2024-04-03T01:00:00,14.8,14.8,13.1,89.56,0,87,rain,0,0,45.4,28.8,165,995,76.5,15.4,0,0,0,10,"Rain, Partially cloudy",rain,
pittsburgh,2024-04-03T02:00:00,14.5,14.5,12.8,89.53,18.4,87,rain,0,0,46.4,29.5,160,994,81,16.3,0,0,0,10,"Rain, Partially cloudy",rain,
pittsburgh,2024-04-03T03:00:00,13.6,13.6,12.3,91.85,0,87,rain,0,0,42.8,27,156.7,994,83,16.3,0,0,0,10,"Rain, Partially cloudy",rain,
pittsburgh,2024-04-03T04:00:00,12.6,12.6,11.7,94.25,0,87,rain,0,0,38.9,24.8,153.3,993,85,16.3,0,0,0,10,"Rain, Partially cloudy",rain,
pittsburgh,2024-04-03T05:00:00,11.7,11.7,11.2,96.75,0.8,87,rain,0,0,35.3,22.3,150,993,87,16.3,0,0,0,10,"Rain, Partially cloudy",rain,
pittsburgh,2024-04-03T06:00:00,11.3,11.3,10.6,95.46,0,90,rain,0,0,33.8,22.3,146.7,991,88,16.3,2,0,0,10,"Rain, Partially cloudy",rain,
pittsburgh,2024-04-03T07:00:00,11,11,10.1,94.18,0,90,rain,0,0,32.8,22.3,143.3,992,89,16.3,4,0,0,10,"Rain, Partially cloudy",rain,
pittsburgh,2024-04-03T08:00:00,10.6,10.6,9.5,92.91,2.4,90,rain,0,0,31.3,22.3,140,991,90,16.3,6,0,0,10,"Rain, Partially cloudy",rain,
pittsburgh,2024-04-03T09:00:00,10.8,10.8,9.3,90.45,0,90,rain,0,0,30.6,21.6,156.7,990,88,13.2,34,0.1,0,10,"Rain, Partially cloudy",rain,
pittsburgh,2024-04-03T10:00:00,11,11,9.1,88.06,0,90,rain,0,0,30.2,21.2,173.3,989,86,10,63,0.2,1,10,"Rain, Partially cloudy",rain,
pittsburgh,2024-04-03T11:00:00,11.2,11.2,8.9,85.74,0.8,90,rain,0,0,29.5,20.5,190,988,84,6.9,91,0.3,1,10,"Rain, Partially cloudy",rain,
pittsburgh,2024-04-03T12:00:00,11,11,8.4,83.99,0,73,rain,0,0,30.2,20.5,203.3,988,84,6.5,92,0.3,1,10,"Rain, Partially cloudy",rain,
pittsburgh,2024-04-03T13:00:00,10.8,10.8,7.8,81.72,0,73,rain,0,0,30.6,20.5,216.7,988,84,6.2,92,0.3,1,10,"Rain, Partially cloudy",rain,
pittsburgh,2024-04-03T14:00:00,10.6,10.6,7.3,80.03,1.7,73,rain,0,0,31.3,20.5,230,986,84,5.8,93,0.3,1,10,"Rain, Partially cloudy",rain,
pittsburgh,2024-04-03T15:00:00,10.2,10.2,6.2,76.22,0,73,rain,0,0,34.6,23,236.7,992,81.7,7.8,190,0.7,2,10,"Rain, Partially cloudy",rain,
pittsburgh,2024-04-03T16:00:00,9.9,6.7,5,71.56,0,73,rain,0,0,37.4,25.2,243.3,992,79.3,9.8,287,1,3,10,"Rain, Partially cloudy",rain,
pittsburgh,2024-04-03T17:00:00,9.5,6,3.9,68.06,0.5,73,rain,0,0,40.7,27.7,250,992,77,11.8,384,1.4,4,10,"Rain, Partially cloudy",rain,
pittsburgh,2024-04-03T18:00:00,8.8,5.3,3.4,68.88,0,63,rain,0,0,37.4,25.2,250,992,72.7,13.3,339,1.2,3,10,"Rain, Partially cloudy",rain,
pittsburgh,2024-04-03T19:00:00,8,4.5,2.8,69.69,0,63,rain,0,0,34.6,23,250,992,68.3,14.8,293,1.1,3,10,"Rain, Partially cloudy",rain,
pittsburgh,2024-04-03T20:00:00,7.3,3.9,2.3,70.55,1.4,63,rain,0,0,31.3,20.5,250,992,64,16.3,248,0.9,0,10,"Rain, Partially cloudy",rain,
pittsburgh,2024-04-03T21:00:00,6.6,3,1.8,71.42,0,75,rain,0,0,29.9,20.2,246.7,992,64,16.3,165,0.6,0,10,"Rain, Partially cloudy",rain,
pittsburgh,2024-04-03T22:00:00,5.9,2.3,1.7,74.42,0,75,rain,0,0,28.1,18.7,243.3,992,63,16.3,83,0.3,0,10,"Rain, Partially cloudy",rain,
pittsburgh,2024-04-03T23:00:00,5.1,1.5,1.7,78.67,0.3,75,rain,0,0,26.3,17.3,240,992,62,16.3,0,0,0,10,"Rain, Partially cloudy",rain,
pittsburgh,2024-04-04T00:00:00,4.6,0.8,1.7,81.46,0,75,rain,0,0,26.6,17.6,236.7,992,65.3,16.3,0,0,0,10,"Rain, Partially cloudy",rain,
pittsburgh,2024-04-04T01:00:00,4.2,0.2,1.6,83.18,0,75,rain,0,0,27,18.4,233.3,992,68.7,16.3,0,0,0,10,"Rain, Partially cloudy",rain,
pittsburgh,2024-04-04T02:00:00,3.7,-0.5,1.6,86.15,0.2,75,snow,0,0,27.4,18.7,230,992,72,16.3,0,0,0,10,"Snow, Partially cloudy",rain,
pittsburgh,2024-04-04T03:00:00,3.4,-0.8,1.4,86.74,0,77,snow,0,0,27.4,18.7,233.3,992,72.7,16.3,0,0,0,10,"Snow, Partially cloudy",rain,
pittsburgh,2024-04-04T04:00:00,3.1,-1.2,1.3,87.96,0,77,snow,0,0,27.4,18.7,236.7,992,73.3,16.3,0,0,0,10,"Snow, Partially cloudy",rain,
pittsburgh,2024-04-04T05:00:00,2.8,-1.6,1.1,88.57,0.3,77,rain,0,0,27.4,18.7,240,992,74,16.3,0,0,0,10,"Rain, Partially cloudy",rain,
pittsburgh,2024-04-04T06:00:00,2.7,-1.7,1.1,89.2,0,77,rain,0,0,27.4,18.7,243.3,992,74.3,16.3,1,0,0,10,"Rain, Partially cloudy",rain,
pittsburgh,2024-04-04T07:00:00,2.5,-2,1,89.83,0,77,snow,0,0,27.7,18.7,246.7,992,74.7,16.3,1,0,0,10,"Snow, Partially cloudy",rain,
pittsburgh,2024-04-04T08:00:00,2.4,-2.1,1,90.47,0.1,77,snow,0,0,27.7,18.7,250,992,75,16.3,2,0,0,10,"Snow, Partially cloudy",rain,
pittsburgh,2024-04-04T09:00:00,3.1,-1.3,1.2,87.33,0,90,snow,0,0,29.2,19.1,253.3,993,76.7,12.8,57,0.2,1,10,"Snow, Partially cloudy",rain,
pittsburgh,2024-04-04T10:00:00,3.9,-0.3,1.3,83.14,0,90,snow,0,0,30.2,19.8,256.7,993,78.3,9.4,113,0.4,1,10,"Snow, Partially cloudy",rain,
pittsburgh,2024-04-04T11:00:00,4.6,0.5,1.5,80.3,0.3,90,snow,0,0,31.7,20.2,260,994,80,5.9,168,0.6,2,10,"Snow, Partially cloudy",rain,
pittsburgh,2024-04-04T12:00:00,5.1,1,1.4,77,0,90,snow,0,0,33.8,21.6,266.7,995,79.3,9.4,212,0.8,2,10,"Snow, Partially cloudy",rain,
pittsburgh,2024-04-04T13:00:00,5.7,1.6,1.3,73.33,0,90,rain,0,0,36,23,273.3,995,78.7,12.8,257,0.9,3,10,"Rain, Partially cloudy",rain,
pittsburgh,2024-04-04T14:00:00,6.2,2.1,1.2,70.33,0.2,90,rain,0,0,38.2,24.5,280,996,78,16.3,301,1.1,3,10,"Rain, Partially cloudy",rain,
pittsburgh,2024-04-04T15:00:00,6.5,2.3,1,67.91,0,85,rain,0,0,39.6,25.9,283.3,996,79,23.7,313,1.1,3,10,"Rain, Partially cloudy",rain,
pittsburgh,2024-04-04T16:00:00,6.8,2.6,0.7,65.1,0,85,rain,0,0,41.4,27.4,286.7,997,80,17,324,1.2,3,10,"Rain, Partially cloudy",rain,
pittsburgh,2024-04-04T17:00:00,7.1,2.8,0.5,62.86,0.3,85,rain,0,0,42.8,28.8,290,997,81,17.7,336,1.2,3,10,"Rain, Partially cloudy",rain,
pittsburgh,2024-04-04T18:00:00,6.4,2,0.6,66.43,0,85,rain,0,0,42.1,28.4,293.3,998,80,21.3,298,1.1,3,10,"Rain, Partially cloudy",rain,
pittsburgh,2024-04-04T19:00:00,5.7,1.1,0.7,70.23,0,85,rain,0,0,41,27.7,296.7,1000,79,8.7,261,0.9,3,10,"Rain, Partially cloudy",rain,
pittsburgh,2024-04-04T20:00:00,5,0.2,0.8,74.26,0,85,rain,0,0,40.3,27.4,300,1001,78,24.1,223,0.8,0,10,"Rain, Partially cloudy",rain,
pittsburgh,2024-04-04T21:00:00,4.4,-0.4,0.6,76.33,0,60,rain,0,0,37.8,25.6,300,1003,75.7,24.1,149,0.5,0,10,"Rain, Partially cloudy",rain,
pittsburgh,2024-04-04T22:00:00,3.7,-1,0.5,79.6,0,60,rain,0,0,35.6,23.4,300,1004,73.3,24.1,74,0.3,0,10,"Rain, Partially cloudy",rain,
pittsburgh,2024-04-04T23:00:00,3.1,-1.6,0.3,81.85,0,60,rain,0,0,33.1,21.6,300,1005,71,24.1,0,0,0,10,"Rain, Partially cloudy",rain,
pittsburgh,2024-04-05T00:00:00,2.9,-1.8,0.2,82.41,0,60,rain,0,0,32,21.2,303.3,1006,72.3,24.1,0,0,0,10,"Rain, Partially cloudy",rain,
pittsburgh,2024-04-05T01:00:00,2.6,-2.1,0.2,84.19,0,60,rain,0,0,31.3,20.5,306.7,1006,73.7,24.1,0,0,0,10,"Rain, Partially cloudy",rain,
pittsburgh,2024-04-05T02:00:00,2.4,-2.3,0.1,84.78,0,60,rain,0,0,30.2,20.2,310,1007,75,24.1,0,0,0,10,"Rain, Partially cloudy",rain,
pittsburgh,2024-04-05T03:00:00,2.1,-2.6,-0.2,84.74,0,36,snow,0,0,30.2,19.8,310,1007,74.7,24.1,0,0,0,10,Partially cloudy,partly-cloudy-night,
pittsburgh,2024-04-05T04:00:00,1.7,-3.1,-0.5,85.31,0,36,,0,0,29.9,19.4,310,1008,74.3,20.3,0,0,0,10,Partially cloudy,partly-cloudy-night,
pittsburgh,2024-04-05T05:00:00,1.4,-3.4,-0.8,85.28,0,36,snow,0,0,29.9,19.1,310,1008,74,18.7,0,0,0,10,Partially cloudy,partly-cloudy-night,
pittsburgh,2024-04-05T06:00:00,1.2,-3.7,-1,85.26,0,36,,0,0,30.2,19.4,310,1009,74,24.1,1,0,0,10,Partially cloudy,partly-cloudy-night,
pittsburgh,2024-04-05T07:00:00,1,-4,-1.1,85.86,0,36,,0,0,30.6,19.8,310,1009,74,21,1,0,0,10,Partially cloudy,partly-cloudy-day,
pittsburgh,2024-04-05T08:00:00,0.8,-4.3,-1.3,85.84,0,36,snow,0,0,31,20.2,310,1010,74,8.3,2,0,0,10,Partially cloudy,partly-cloudy-day,
pittsburgh,2024-04-05T09:00:00,1.6,-3.5,-1.5,79.87,0,51,snow,0,0,32.8,22,310,1010,74.7,12.3,64,0.2,1,10,"Snow, Partially cloudy",rain,
pittsburgh,2024-04-05T10:00:00,2.4,-2.7,-1.6,74.88,0,51,snow,0,0,34.6,23.4,310,1011,75.3,18,127,0.5,1,10,"Snow, Partially cloudy",rain,
pittsburgh,2024-04-05T11:00:00,3.2,-1.9,-1.8,69.72,0,51,snow,0,0,36.4,25.2,310,1011,76,7.9,189,0.7,2,10,"Snow, Partially cloudy",rain,
pittsburgh,2024-04-05T12:00:00,3.9,-1,-1.9,65.88,0,51,snow,0,0,37.8,25.9,310,1011,74.7,3.6,231,0.8,2,10,"Snow, Partially cloudy",rain,
pittsburgh,2024-04-05T13:00:00,4.7,-0.1,-1.9,62.29,0,51,snow,0,0,38.9,26.6,310,1011,73.3,8.6,274,1,3,10,"Snow, Partially cloudy",rain,
pittsburgh,2024-04-05T14:00:00,5.4,0.8,-2,58.89,0.1,51,snow,0,0,40.3,27.4,310,1011,72,14,316,1.1,3,10,"Snow, Partially cloudy",rain,
pittsburgh,2024-04-05T15:00:00,5.7,1,-2.2,56.83,0,47,snow,0,0,41.4,28.4,313.3,1011,69.7,11.3,345,1.2,3,10,"Snow, Partially cloudy",rain,
pittsburgh,2024-04-05T16:00:00,6,1.4,-2.3,55.25,0,47,snow,0,0,42.8,29.2,316.7,1012,67.3,10.5,373,1.3,4,10,"Snow, Partially cloudy",rain,
pittsburgh,2024-04-05T17:00:00,6.3,1.7,-2.5,53.33,0,47,snow,0,0,43.9,30.2,320,1012,65,20.4,402,1.4,4,10,"Snow, Partially cloudy",rain,
pittsburgh,2024-04-05T18:00:00,5.7,1,-2.4,56,0,47,snow,0,0,42.5,28.8,316.7,1013,65.7,24.1,358,1.3,4,10,"Snow, Partially cloudy",rain,
pittsburgh,2024-04-05T19:00:00,5.1,0.3,-2.3,58.81,0,47,rain,0,0,41.4,27.7,313.3,1014,66.3,24.1,315,1.1,3,10,"Rain, Partially cloudy",rain,
pittsburgh,2024-04-05T20:00:00,4.5,-0.3,-2.2,61.78,0,47,rain,0,0,40,26.3,310,1015,67,24.1,271,1,0,10,"Rain, Partially cloudy",rain,
pittsburgh,2024-04-05T21:00:00,3.9,-1,-2.1,64.91,0,18,,0,0,38.5,25.2,310,1016,61.7,24.1,181,0.7,0,10,Partially cloudy,partly-cloudy-night,
pittsburgh,2024-04-05T22:00:00,3.4,-1.5,-2,67.74,0,18,,0,0,37.1,24.5,310,1016,56.3,24,90,0.3,0,10,Partially cloudy,partly-cloudy-night,
pittsburgh,2024-04-05T23:00:00,2.8,-2.2,-1.9,71.19,0,18,,0,0,35.6,23.4,310,1016,51,24.1,0,0,0,10,Partially cloudy,partly-cloudy-night,
pittsburgh,2024-04-06T00:00:00,2.4,-2.6,-1.8,73.79,0,18,,0,0,34.2,22.3,310,1017,53,23.5,0,0,0,10,Partially cloudy,partly-cloudy-night,
pittsburgh,2024-04-06T01:00:00,2,-2.9,-1.8,75.92,0,18,,0,0,32.4,21.2,310,1017,55,21.4,0,0,0,10,Partially cloudy,partly-cloudy-night,
pittsburgh,2024-04-06T02:00:00,1.6,-3.3,-1.7,78.7,0.1,18,snow,0,0,31,20.2,310,1017,57,24.1,0,0,0,10,Partially cloudy,partly-cloudy-night,
pittsburgh,2024-04-06T03:00:00,1.5,-3.4,-1.5,80.44,0,6,,0,0,30.2,19.8,306.7,1018,58.3,24.1,0,0,0,10,Partially cloudy,partly-cloudy-night,
pittsburgh,2024-04-06T04:00:00,1.5,-3.3,-1.4,81.03,0,6,,0,0,29.2,19.4,303.3,1018,59.7,24.1,0,0,0,10,Partially cloudy,partly-cloudy-night,
pittsburgh,2024-04-06T05:00:00,1.4,-3.4,-1.2,82.82,0,6,,0,0,28.4,19.1,300,1019,61,24.1,0,0,0,10,Partially cloudy,partly-cloudy-night,
pittsburgh,2024-04-06T06:00:00,1.5,-3.3,-1,83.44,0,6,,0,0,28.8,19.4,300,1019,60.3,23.8,1,0,0,10,Partially cloudy,partly-cloudy-night,
pittsburgh,2024-04-06T07:00:00,1.6,-3.2,-0.8,84.07,0,6,,0,0,29.2,19.8,300,1020,59.7,23.5,1,0,0,10,Partially cloudy,partly-cloudy-day,
pittsburgh,2024-04-06T08:00:00,1.7,-3.2,-0.6,84.7,1.4,6,"rain,snow",0,0,29.5,20.2,300,1020,59,23.2,2,0,0,10,Partially cloudy,partly-cloudy-day,
pittsburgh,2024-04-06T09:00:00,2.9,-1.8,-0.2,80.06,0,6,,0,0,32,21.6,306.7,1020,62.3,16.7,43,0.2,0,10,Partially cloudy,partly-cloudy-day,
pittsburgh,2024-04-06T10:00:00,4.1,-0.4,0.2,75.73,0,6,,0,0,34.2,22.7,313.3,1021,65.7,10.2,85,0.3,1,10,Partially cloudy,partly-cloudy-day,
pittsburgh,2024-04-06T11:00:00,5.3,0.9,0.6,71.69,0,6,rain,0,0,36.7,24.1,320,1021,69,3.7,126,0.5,1,10,Partially cloudy,partly-cloudy-day,
pittsburgh,2024-04-06T12:00:00,6.2,2.1,0.6,67.36,0,6,,0,0,37.8,24.5,320,1021,66.3,10.5,149,0.5,1,10,Partially cloudy,partly-cloudy-day,
pittsburgh,2024-04-06T13:00:00,7,3,0.5,63.29,0,6,,0,0,38.5,25.2,320,1020,63.7,17.3,173,0.6,2,10,Partially cloudy,partly-cloudy-day,
pittsburgh,2024-04-06T14:00:00,7.9,4.1,0.5,59.52,0,6,rain,0,0,39.6,25.6,320,1020,61,24.1,196,0.7,2,10,Partially cloudy,partly-cloudy-day,
pittsburgh,2024-04-06T15:00:00,8.3,4.6,0.4,57.51,0,6,,0,0,39.2,25.9,320,1020,61,22.8,189,0.7,2,10,Partially cloudy,partly-cloudy-day,
pittsburgh,2024-04-06T16:00:00,8.6,5,0.4,56.35,0,6,,0,0,38.9,26.3,320,1021,61,21.6,183,0.7,2,10,Partially cloudy,partly-cloudy-day,
pittsburgh,2024-04-06T17:00:00,9,5.5,0.3,54.45,0,6,rain,0,0,38.5,26.6,320,1021,61,20.3,176,0.6,2,10,Partially cloudy,partly-cloudy-day,
pittsburgh,2024-04-06T18:00:00,8.4,4.8,0.4,57.12,0,6,,0,0,36.7,25.2,323.3,1021,59.3,21.6,160,0.6,2,10,Partially cloudy,partly-cloudy-day,
pittsburgh,2024-04-06T19:00:00,7.9,4.3,0.4,59.09,0,6,,0,0,35.3,23.4,326.7,1022,57.7,22.8,144,0.5,1,10,Partially cloudy,partly-cloudy-day,
pittsburgh,2024-04-06T20:00:00,7.3,3.7,0.5,62,1.7,6,rain,0,0,33.5,22,330,1022,56,24.1,128,0.5,0,10,Partially cloudy,partly-cloudy-night,
pittsburgh,2024-04-06T21:00:00,6.6,3,0.6,65.53,0,1,,0,0,31.3,20.5,330,1022,53.3,24.1,85,0.3,0,10,Partially cloudy,partly-cloudy-night,
pittsburgh,2024-04-06T22:00:00,5.8,2.1,0.8,70.25,0,1,,0,0,29.2,19.1,330,1023,50.7,24.1,43,0.2,0,10,Partially cloudy,partly-cloudy-night,
pittsburgh,2024-04-06T23:00:00,5.1,1.4,0.9,74.28,0,1,,0,0,27,17.6,330,1023,48,24.1,0,0,0,10,Partially cloudy,partly-cloudy-night,
pittsburgh,2024-04-07T00:00:00,4.5,0.9,0.7,76.35,0,1,,0,0,24.8,16.6,330,1023,43.7,24.1,0,0,0,10,Partially cloudy,partly-cloudy-night,
pittsburgh,2024-04-07T01:00:00,3.8,0.2,0.6,79.61,0,1,,0,0,23,15.1,330,1023,39.3,24.1,0,0,0,10,Partially cloudy,partly-cloudy-night,
pittsburgh,2024-04-07T02:00:00,3.2,-0.4,0.4,81.86,0,1,,0,0,20.9,14,330,1023,35,24.1,0,0,0,10,Partially cloudy,partly-cloudy-night,
pittsburgh,2024-04-07T03:00:00,2.9,-0.5,0.4,83.62,0,1,,0,0,19.4,13,330,1023,34.7,24.1,0,0,0,10,Partially cloudy,partly-cloudy-night,
pittsburgh,2024-04-07T04:00:00,2.5,-0.9,0.3,85.4,0,1,,0,0,18,12.2,330,1024,34.3,24.1,0,0,0,10,Partially cloudy,partly-cloudy-night,
pittsburgh,2024-04-07T05:00:00,2.2,-1,0.3,87.25,0,1,,0,0,16.6,11.2,330,1024,34,24.1,0,0,0,10,Partially cloudy,partly-cloudy-night,
pittsburgh,2024-04-07T06:00:00,2.1,-1,0.2,87.24,0,1,,0,0,16.2,10.8,330,1024,32,24.1,3,0,0,10,Partially cloudy,partly-cloudy-night,
pittsburgh,2024-04-07T07:00:00,2,-1.2,0.1,87.23,0,1,,0,0,16.2,10.8,330,1025,30,24.1,5,0,0,10,Partially cloudy,partly-cloudy-day,
pittsburgh,2024-04-07T08:00:00,1.9,-1.2,0,87.22,0,1,,0,0,15.8,10.4,330,1025,28,24.1,8,0,0,10,Partially cloudy,partly-cloudy-day,
pittsburgh,2024-04-07T09:00:00,3.6,0.6,0.2,78.44,0,1,,0,0,17.6,11.5,333.3,1025,26.7,24.1,76,0.3,1,10,Partially cloudy,partly-cloudy-day,
pittsburgh,2024-04-07T10:00:00,5.4,2.5,0.4,70.17,0,1,,0,0,19.4,13,336.7,1025,25.3,24.1,145,0.5,1,10,Partially cloudy,partly-cloudy-day,
pittsburgh,2024-04-07T11:00:00,7.1,4.4,0.6,63.31,0,1,,0,0,21.2,14,340,1025,24,24.1,213,0.8,2,10,Partially cloudy,partly-cloudy-day,
pittsburgh,2024-04-07T12:00:00,8.6,6.2,0.7,57.58,0,1,,0,0,22.3,14.8,343.3,1025,23.7,24.1,241,0.9,2,10,Partially cloudy,partly-cloudy-day,
pittsburgh,2024-04-07T13:00:00,10.2,10.2,0.8,52.08,0,1,,0,0,23.4,15.5,346.7,1024,23.3,24.1,269,1,3,10,Partially cloudy,partly-cloudy-day,
pittsburgh,2024-04-07T14:00:00,11.7,11.7,0.9,47.48,0,1,,0,0,24.5,16.2,350,1024,23,24.1,297,1.1,3,10,Partially cloudy,partly-cloudy-day,
pittsburgh,2024-04-07T15:00:00,12.2,12.2,0.8,45.62,0,1,,0,0,24.5,15.8,350,1024,21.7,24.1,295,1.1,3,10,Partially cloudy,partly-cloudy-day,
pittsburgh,2024-04-07T16:00:00,12.6,12.6,0.8,44.43,0,1,,0,0,24.5,15.8,350,1024,20.3,24.1,294,1.1,3,10,Partially cloudy,partly-cloudy-day,
pittsburgh,2024-04-07T17:00:00,13.1,13.1,0.7,42.69,0,1,,0,0,24.5,15.5,350,1024,19,24.1,292,1.1,3,10,Clear,clear-day,
pittsburgh,2024-04-07T18:00:00,12.2,12.2,0.7,45.29,0,1,,0,0,22.7,14.8,236.7,1024,19.3,24.1,259,0.9,3,10,Clear,clear-day,
pittsburgh,2024-04-07T19:00:00,11.2,11.2,0.8,48.73,0,1,,0,0,20.9,14.4,123.3,1025,19.7,24.1,227,0.8,2,10,Clear,clear-day,
pittsburgh,2024-04-07T20:00:00,10.3,10.3,0.8,51.74,0.4,1,rain,0,0,19.1,13.7,10,1025,20,24.1,194,0.7,0,10,Clear,clear-night,
pittsburgh,2024-04-07T21:00:00,9.2,7.1,1,56.5,0,1,,0,0,18.4,13.3,20,1025,18.7,24.1,129,0.5,0,10,Clear,clear-night,
pittsburgh,2024-04-07T22:00:00,8,5.7,1.1,61.73,0,1,,0,0,18,13,30,1026,17.3,24.1,65,0.2,0,10,Clear,clear-night,
pittsburgh,2024-04-07T23:00:00,6.9,4.4,1.3,67.51,0,1,,0,0,17.3,12.6,40,1026,16,24.1,0,0,0,10,Clear,clear-night,
pittsburgh,2024-04-08T00:00:00,6.1,3.6,1.1,70.31,0,1,,0,0,16.6,11.5,50,1026,17.3,24.1,0,0,0,10,Clear,clear-night,
pittsburgh,2024-04-08T01:00:00,5.3,2.9,1,73.78,0,1,,0,0,15.5,10.4,60,1026,18.7,24.1,0,0,0,10,Clear,clear-night,
pittsburgh,2024-04-08T02:00:00,4.5,2.2,0.8,76.9,0.4,1,rain,0,0,14.8,9.4,70,1026,20,24.1,0,0,0,10,Clear,clear-night,
pittsburgh,2024-04-08T03:00:00,4.1,1.7,0.7,78.52,0,1,,0,0,14.8,9.4,76.7,1026,22.7,24.1,0,0,0,10,Partially cloudy,partly-cloudy-night,
pittsburgh,2024-04-08T04:00:00,3.6,1.2,0.5,80.16,0,1,,0,0,14.4,9,83.3,1026,25.3,24.1,0,0,0,10,Partially cloudy,partly-cloudy-night,
pittsburgh,2024-04-08T05:00:00,3.2,0.7,0.4,81.86,0,1,,0,0,14.4,9,90,1026,28,24.1,0,0,0,10,Partially cloudy,partly-cloudy-night,
pittsburgh,2024-04-08T06:00:00,3.3,0.8,0.5,81.87,0,1,,0,0,14,9,96.7,1026,32,24.1,2,0,0,10,Partially cloudy,partly-cloudy-night,
pittsburgh,2024-04-08T07:00:00,3.4,0.9,0.7,82.48,0,1,,0,0,13.3,9,103.3,1026,36,24.1,5,0,0,10,Partially cloudy,partly-cloudy-day,
pittsburgh,2024-04-08T08:00:00,3.5,1.1,0.8,82.49,3.6,1,rain,0,0,13,9,110,1026,40,24.1,7,0,0,10,Partially cloudy,partly-cloudy-day,
pittsburgh,2024-04-08T09:00:00,5.7,3.4,1.4,73.86,0,6,,0,0,15.1,10.1,126.7,1026,40.3,24.1,77,0.3,1,10,Partially cloudy,partly-cloudy-day,
pittsburgh,2024-04-08T10:00:00,7.9,5.8,1.9,65.82,0,6,,0,0,17.6,11.5,143.3,1026,40.7,24.1,146,0.5,1,10,Partially cloudy,partly-cloudy-day,
pittsburgh,2024-04-08T11:00:00,10.1,10.1,2.5,59.22,0,6,,0,0,19.8,12.6,160,1026,41,24.1,216,0.8,2,10,Partially cloudy,partly-cloudy-day,
pittsburgh,2024-04-08T12:00:00,12,12,3,54.08,0,6,,0,0,20.5,13.3,173.3,1025,40.7,24.1,316,1.1,3,10,Partially cloudy,partly-cloudy-day,
pittsburgh,2024-04-08T13:00:00,13.9,13.9,3.4,49.13,0,6,,0,0,21.2,14.4,186.7,1025,40.3,24.1,415,1.5,4,10,Partially cloudy,partly-cloudy-day,
pittsburgh,2024-04-08T14:00:00,15.8,15.8,3.9,45.03,0,6,,0,0,22,15.1,200,1024,40,24.1,515,1.9,5,10,Partially cloudy,partly-cloudy-day,
pittsburgh,2024-04-08T15:00:00,16.1,16.1,4.2,45.12,0,13,,0,0,22.3,15.1,210,1024,42,24.1,582,2.1,6,10,Partially cloudy,partly-cloudy-day,
pittsburgh,2024-04-08T16:00:00,16.5,16.5,4.6,45.23,0,13,,0,0,23,15.5,220,1023,44,24.1,649,2.3,6,10,Partially cloudy,partly-cloudy-day,
pittsburgh,2024-04-08T17:00:00,16.8,16.8,4.9,45.31,0,13,,0,0,23.4,15.5,230,1023,46,24.1,716,2.6,7,10,Partially cloudy,partly-cloudy-day,
pittsburgh,2024-04-08T18:00:00,15.8,15.8,5.3,49.66,0,13,,0,0,21.6,14,220,1023,48.7,24.1,631,2.3,6,10,Partially cloudy,partly-cloudy-day,
pittsburgh,2024-04-08T19:00:00,14.8,14.8,5.8,54.82,0,13,,0,0,19.4,12.6,210,1023,51.3,24.1,546,2,5,10,Partially cloudy,partly-cloudy-day,
pittsburgh,2024-04-08T20:00:00,13.8,13.8,6.2,60.12,0.2,13,rain,0,0,17.6,11.2,200,1023,54,24.1,461,1.7,0,10,Partially cloudy,partly-cloudy-night,
pittsburgh,2024-04-08T21:00:00,12.9,12.9,6.3,64.2,0,17,,0,0,18,11.5,190,1023,53,24.1,307,1.1,0,10,Partially cloudy,partly-cloudy-night,
pittsburgh,2024-04-08T22:00:00,12.1,12.1,6.3,67.66,0,17,,0,0,18.7,12.2,180,1024,52,24.1,154,0.6,0,10,Partially cloudy,partly-cloudy-night,
pittsburgh,2024-04-08T23:00:00,11.2,11.2,6.4,72.3,0,17,,0,0,19.1,12.6,170,1024,51,24.1,0,0,0,10,Partially cloudy,partly-cloudy-night,
pittsburgh,2024-04-09T00:00:00,10.7,10.7,6.2,73.72,0,17,,0,0,19.1,12.2,173.3,1024,49,24.1,0,0,0,10,Partially cloudy,partly-cloudy-night,
pittsburgh,2024-04-09T01:00:00,10.2,10.2,6,75.17,0,17,,0,0,18.7,12.2,176.7,1023,47,24.1,0,0,0,10,Partially cloudy,partly-cloudy-night,
pittsburgh,2024-04-09T02:00:00,9.7,7.9,5.8,76.66,0,17,,0,0,18.7,11.9,180,1023,45,24.1,0,0,0,10,Partially cloudy,partly-cloudy-night,
pittsburgh,2024-04-09T03:00:00,9.4,7.6,5.9,78.77,0,12.9,,0,0,18.4,11.9,180,1023,46.7,19.9,0,0,0,10,Partially cloudy,partly-cloudy-night,
pittsburgh,2024-04-09T04:00:00,9.1,7.2,6.1,81.49,0,12.9,,0,0,17.6,11.9,180,1023,48.3,15.7,0,0,0,10,Partially cloudy,partly-cloudy-night,
pittsburgh,2024-04-09T05:00:00,8.8,6.8,6.2,83.74,0,12.9,rain,0,0,17.3,11.9,180,1023,50,11.5,0,0,0,10,Partially cloudy,partly-cloudy-night,
pittsburgh,2024-04-09T06:00:00,9.1,9.1,7.8,91.57,0,12.9,,0,0,12.6,4,171.6,1023,100,12.6,3,0,0,10,Overcast,cloudy,
pittsburgh,2024-04-09T07:00:00,9.4,8.6,7.9,90.35,0,12.9,,0,0,23,6.5,169.5,1022,100,13.7,6,0,0,10,Overcast,cloudy,
pittsburgh,2024-04-09T08:00:00,9.6,8.2,8,89.75,0.2,12.9,rain,0,0,33.8,9.4,167.5,1022,100,14.8,9,0,0,10,Overcast,cloudy,
pittsburgh,2024-04-09T09:00:00,11.6,11.6,9.3,85.78,0,16.1,,0,0,34.6,11.5,185.8,1022,94.4,14.9,111,0.4,1,10,Overcast,cloudy,
pittsburgh,2024-04-09T10:00:00,13.5,13.5,10.7,83.17,0,16.1,,0,0,35.6,14,204,1022,88.7,15.1,213,0.8,2,10,Partially cloudy,partly-cloudy-day,
pittsburgh,2024-04-09T11:00:00,15.5,15.5,12,79.66,0,16.1,rain,0,0,36.4,16.2,222.3,1022,83.1,15.2,315,1.1,3,10,Partially cloudy,partly-cloudy-day,
pittsburgh,2024-04-09T12:00:00,16.4,16.4,12.5,77.72,0,16.1,,0,0,34.6,16.2,225.4,1021,68.2,14.1,340,1.2,3,10,Partially cloudy,partly-cloudy-day,
pittsburgh,2024-04-09T13:00:00,17.4,17.4,12.9,74.88,0,16.1,,0,0,33.1,16.6,228.5,1021,53.3,13.1,366,1.3,4,10,Partially cloudy,partly-cloudy-day,
pittsburgh,2024-04-09T14:00:00,18.3,18.3,13.4,73.1,0,16.1,rain,0,0,31.3,16.6,231.6,1020,38.4,12,391,1.4,4,10,Partially cloudy,partly-cloudy-day,
pittsburgh,2024-04-09T15:00:00,18.1,18.1,13.4,74.03,0,32.3,,0,0,33.8,15.8,237.1,1020,55.1,13.9,406,1.5,4,10,Partially cloudy,partly-cloudy-day,
pittsburgh,2024-04-09T16:00:00,17.9,17.9,13.5,75.45,0,32.3,,0,0,36.7,15.1,242.5,1019,71.9,15.9,422,1.5,4,10,Partially cloudy,partly-cloudy-day,
pittsburgh,2024-04-09T17:00:00,17.7,17.7,13.5,76.41,0,32.3,,0,0,39.2,14.4,248,1019,88.6,17.8,437,1.6,4,10,Partially cloudy,partly-cloudy-day,
pittsburgh,2024-04-09T18:00:00,16.7,16.7,13.3,80.35,0,32.3,,0,0,37.1,12.6,249.3,1020,86,18.3,349,1.3,3,10,Partially cloudy,partly-cloudy-day,
pittsburgh,2024-04-09T19:00:00,15.6,15.6,13.2,85.63,0,32.3,,0,0,35.3,10.8,250.5,1020,83.5,18.7,260,0.9,3,10,Partially cloudy,partly-cloudy-day,
pittsburgh,2024-04-09T20:00:00,14.6,14.6,13,90.13,2.8,32.3,rain,0,0,33.1,9,251.8,1021,80.9,19.2,172,0.6,0,10,Partially cloudy,partly-cloudy-night,
pittsburgh,2024-04-09T21:00:00,14.3,14.3,13,91.89,0,9.7,,0,0,34.6,9.4,248.1,1021,77.9,20.8,115,0.4,0,10,Partially cloudy,partly-cloudy-night,
pittsburgh,2024-04-09T22:00:00,13.9,13.9,12.9,93.69,0,9.7,,0,0,36,10.1,244.4,1022,74.8,22.5,57,0.2,0,10,Partially cloudy,partly-cloudy-night,
pittsburgh,2024-04-09T23:00:00,13.6,13.6,12.9,95.54,0,9.7,,0,0,37.4,10.4,240.7,1022,71.8,24.1,0,0,0,10,Partially cloudy,partly-cloudy-night,
pittsburgh,2024-04-10T00:00:00,13.4,13.4,12.8,96.16,0,9.7,,0,0,35.3,9.7,233.6,1022,81.2,23,0,0,0,10,Partially cloudy,partly-cloudy-night,
pittsburgh,2024-04-10T01:00:00,13.2,13.2,12.6,96.15,0,9.7,,0,0,33.5,9.4,226.4,1022,90.6,21.8,0,0,0,10,Overcast,cloudy,
pittsburgh,2024-04-10T02:00:00,13,13,12.5,96.78,6.5,9.7,rain,0,0,31.3,8.6,219.3,1022,100,20.7,0,0,0,10,Overcast,cloudy,
pittsburgh,2024-04-10T03:00:00,12.9,12.9,12.4,96.78,0,16.1,,0,0,31,8.3,215.1,1022,100,21.8,0,0,0,10,Overcast,cloudy,
pittsburgh,2024-04-10T04:00:00,12.8,12.8,12.4,97.41,0,16.1,,0,0,31,8.3,210.9,1022,100,23,0,0,0,10,Overcast,cloudy,
pittsburgh,2024-04-10T05:00:00,12.7,12.7,12.3,97.41,0,16.1,,0,0,30.6,7.9,206.7,1022,100,24.1,0,0,0,10,Overcast,cloudy,
pittsburgh,2024-04-10T06:00:00,12.5,12.5,12,96.77,0,16.1,,0,0,26.3,7.2,201.8,1022,68.5,24.1,7,0,0,10,Partially cloudy,partly-cloudy-night,
pittsburgh,2024-04-10T07:00:00,12.4,12.4,11.8,96.13,0,16.1,,0,0,21.6,6.1,197,1022,37,24.1,15,0.1,0,10,Partially cloudy,partly-cloudy-day,
pittsburgh,2024-04-10T08:00:00,12.2,12.2,11.5,95.49,2.4,16.1,rain,0,0,17.3,5.4,192.1,1022,5.5,24.1,22,0.1,0,10,Clear,clear-day,
pittsburgh,2024-04-10T09:00:00,14,14,11.8,86.6,0,35.5,,0,0,15.1,6.1,187.1,1022,27.4,24.1,157,0.6,2,10,Partially cloudy,partly-cloudy-day,
pittsburgh,2024-04-10T10:00:00,15.7,15.7,12.2,79.68,0,35.5,,0,0,13,6.8,182.2,1022,49.3,24.1,291,1,3,10,Partially cloudy,partly-cloudy-day,
pittsburgh,2024-04-10T11:00:00,17.5,17.5,12.5,72.48,0,35.5,,0,0,10.8,7.6,177.2,1022,71.2,24.1,426,1.5,4,10,Partially cloudy,partly-cloudy-day,
pittsburgh,2024-04-10T12:00:00,18.9,18.9,12,64.24,0,35.5,,0,0,14,8.6,186.1,1021,80.8,23.1,539,1.9,5,10,Partially cloudy,partly-cloudy-day,
pittsburgh,2024-04-10T13:00:00,20.3,20.3,11.5,56.97,0,35.5,,0,0,17.3,10.1,194.9,1021,90.4,22.1,651,2.3,7,10,Overcast,cloudy,
pittsburgh,2024-04-10T14:00:00,21.7,21.7,11,50.57,0.3,35.5,rain,0,0,20.5,11.2,203.8,1020,100,21.1,764,2.8,8,10,Overcast,cloudy,
pittsburgh,2024-04-10T15:00:00,20.5,20.5,11.5,56.27,0,32.3,,0,0,14.4,7.9,213.4,1019,100,22.1,541,1.9,5,10,Overcast,cloudy,
pittsburgh,2024-04-10T16:00:00,19.3,19.3,12,62.65,0,32.3,,0,0,7.9,4.7,223,1019,100,23.1,319,1.1,3,10,Overcast,cloudy,
pittsburgh,2024-04-10T17:00:00,18.1,18.1,12.5,69.79,0,32.3,,0,0,1.8,1.4,232.6,1018,100,24.1,96,0.3,1,10,Overcast,cloudy,
pittsburgh,2024-04-10T18:00:00,17.3,17.3,12.9,75.35,0,32.3,,0,0,3.6,2.9,187,1018,95.8,24.1,83,0.3,1,10,Overcast,cloudy,
pittsburgh,2024-04-10T19:00:00,16.6,16.6,13.2,80.33,0,32.3,,0,0,5.8,4,141.5,1018,91.7,24.1,69,0.2,1,10,Overcast,cloudy,
pittsburgh,2024-04-10T20:00:00,15.8,15.8,13.6,86.77,4.6,32.3,rain,0,0,7.6,5.4,95.9,1018,87.5,24.1,56,0.2,0,10,Partially cloudy,partly-cloudy-night,
pittsburgh,2024-04-10T21:00:00,15.5,15.5,13.4,87.31,0,38.7,,0,0,13.7,6.1,110.2,1018,91.7,24.1,37,0.1,0,10,Overcast,cloudy,
pittsburgh,2024-04-10T22:00:00,15.2,15.2,13.1,87.28,0,38.7,,0,0,19.4,6.8,124.5,1017,95.8,24.1,19,0.1,0,10,Overcast,cloudy,
pittsburgh,2024-04-10T23:00:00,14.9,14.9,12.9,87.83,0,38.7,,0,0,25.6,7.6,138.8,1017,100,24.1,0,0,0,10,Overcast,cloudy,
pittsburgh,2024-04-11T00:00:00,14.7,14.7,12.5,86.66,0,38.7,,0,0,33.5,8.6,149.3,1016,100,24.1,0,0,0,10,Overcast,cloudy,
pittsburgh,2024-04-11T01:00:00,14.6,14.6,12,84.4,0,38.7,,0,0,41,10.1,159.7,1016,100,24.1,0,0,0,10,Overcast,cloudy,
pittsburgh,2024-04-11T02:00:00,14.4,14.4,11.6,83.27,0,38.7,,0,0,49,11.2,170.2,1015,100,24.1,0,0,0,10,Overcast,cloudy,
pittsburgh,2024-04-11T03:00:00,14.2,14.2,11.5,83.8,0,38.7,,0,0,49,10.8,169.1,1015,100,24.1,0,0,0,10,Overcast,cloudy,
pittsburgh,2024-04-11T04:00:00,14,14,11.3,83.78,0,38.7,,0,0,48.6,10.8,168,1014,100,24.1,0,0,0,10,Overcast,cloudy,
pittsburgh,2024-04-11T05:00:00,13.8,13.8,11.2,84.31,0,38.7,,0,0,48.6,10.4,166.9,1014,100,24.1,0,0,0,10,Overcast,cloudy,
pittsburgh,2024-04-11T06:00:00,13.7,13.7,11.3,85.43,0,38.7,,0,0,47.2,11.2,169.1,1014,100,22.5,1,0,0,10,Overcast,cloudy,
pittsburgh,2024-04-11T07:00:00,13.5,13.5,11.3,86.55,0,38.7,,0,0,45.7,11.9,171.2,1013,100,20.8,1,0,0,10,Overcast,cloudy,
pittsburgh,2024-04-11T08:00:00,13.4,13.4,11.4,87.69,0,38.7,rain,0,0,44.3,12.6,173.4,1013,100,19.2,2,0,0,10,Overcast,cloudy,
pittsburgh,2024-04-11T09:00:00,13.6,13.6,11.4,86.56,0,41.9,,0,0,48.6,14.8,173,1013,100,20.8,7,0,0,10,Overcast,cloudy,
pittsburgh,2024-04-11T10:00:00,13.7,13.7,11.5,86.57,0,41.9,,0,0,52.9,16.6,172.7,1012,100,22.5,13,0,0,10,Overcast,cloudy,
pittsburgh,2024-04-11T11:00:00,13.9,13.9,11.5,85.45,0,41.9,,0,0,57.2,18.7,172.3,1012,100,24.1,18,0.1,0,10,Overcast,cloudy,
pittsburgh,2024-04-11T12:00:00,14.7,14.7,12,83.86,0,41.9,,0,0,58.3,20.5,180.8,1011,100,20.4,63,0.2,1,10,Overcast,cloudy,
pittsburgh,2024-04-11T13:00:00,15.5,15.5,12.5,82.32,0,41.9,,0,0,59.4,22,189.2,1011,100,16.8,108,0.4,1,10,Overcast,cloudy,
pittsburgh,2024-04-11T14:00:00,16.3,16.3,13,80.82,0.8,41.9,rain,0,0,60.5,23.8,197.7,1010,100,13.1,153,0.6,2,10,Overcast,cloudy,
pittsburgh,2024-04-11T15:00:00,16,16,13.2,83.46,0,45.2,rain,0,0,57.6,23.4,193.2,1009,100,11.9,134,0.5,1,10,"Rain, Overcast",rain,
pittsburgh,2024-04-11T16:00:00,15.8,15.8,13.4,85.65,0,45.2,rain,0,0,54.7,23,188.6,1009,100,10.7,116,0.4,1,10,"Rain, Overcast",rain,
pittsburgh,2024-04-11T17:00:00,15.5,15.5,13.6,88.45,0,45.2,rain,0,0,51.8,22.7,184.1,1008,100,9.5,97,0.3,1,10,"Rain, Overcast",rain,
pittsburgh,2024-04-11T18:00:00,15.1,15.1,13.5,90.16,0,45.2,rain,0,0,46.8,20.5,208.2,1009,100,10.8,68,0.2,1,10,"Rain, Overcast",rain,
pittsburgh,2024-04-11T19:00:00,14.7,14.7,13.5,92.52,0,45.2,rain,0,0,41.4,18.7,232.2,1009,100,12.1,39,0.1,0,10,"Rain, Overcast",rain,
pittsburgh,2024-04-11T20:00:00,14.3,14.3,13.4,94.32,0,45.2,rain,0,0,36.4,16.6,256.3,1010,100,13.4,10,0,0,10,"Rain, Overcast",rain,
pittsburgh,2024-04-11T21:00:00,13.3,13.3,12.1,92.44,0,29,,0,0,35.6,16.6,272.1,1011,100,17,7,0,0,10,Overcast,cloudy,
pittsburgh,2024-04-11T22:00:00,12.2,12.2,10.7,90.55,0,29,,0,0,35.3,16.2,288,1013,100,20.5,3,0,0,10,Overcast,cloudy,
pittsburgh,2024-04-11T23:00:00,11.2,11.2,9.4,88.68,0,29,rain,0,0,34.6,16.2,303.8,1014,100,24.1,0,0,0,10,Overcast,cloudy,
pittsburgh,2024-04-12T00:00:00,10.3,10.3,8.6,89.2,0,29,,0,0,35.3,14.4,286.2,1015,66.7,24.1,0,0,0,10,Partially cloudy,partly-cloudy-night,
pittsburgh,2024-04-12T01:00:00,9.5,7.6,7.9,89.75,0,29,,0,0,36,12.6,268.5,1015,33.3,24.1,0,0,0,10,Partially cloudy,partly-cloudy-night,
pittsburgh,2024-04-12T02:00:00,8.6,6.8,7.1,90.29,0,29,,0,0,36.7,10.8,250.9,1016,0,24.1,0,0,0,10,Clear,clear-night,
pittsburgh,2024-04-12T03:00:00,8.3,6.2,6.7,89.65,0,22.6,,0,0,40.7,11.9,249.8,1017,1.1,24.1,0,0,0,10,Clear,clear-night,
pittsburgh,2024-04-12T04:00:00,8.1,5.8,6.3,88.41,0,22.6,,0,0,44.6,13.3,248.7,1017,2.1,24.1,0,0,0,10,Clear,clear-night,
pittsburgh,2024-04-12T05:00:00,7.8,5.2,5.9,87.78,0,22.6,,0,0,48.6,14.4,247.6,1018,3.2,24.1,0,0,0,10,Clear,clear-night,
pittsburgh,2024-04-12T06:00:00,7.8,5.4,5.6,85.97,0,22.6,,0,0,46.4,13.3,250.7,1019,2.1,24.1,10,0,0,10,Clear,clear-night,
pittsburgh,2024-04-12T07:00:00,7.8,5.5,5.4,84.79,0,22.6,,0,0,44.6,12.6,253.7,1019,1.1,24.1,19,0.1,0,10,Clear,clear-day,
pittsburgh,2024-04-12T08:00:00,7.8,5.7,5.1,83.04,0,22.6,,0,0,42.5,11.5,256.8,1020,0,24.1,29,0.1,0,10,Clear,clear-day,
pittsburgh,2024-04-12T09:00:00,9.7,7.7,3.3,64.37,0,41.9,,0,0,39.6,13.3,263.1,1020,0,24.1,180,0.6,2,10,Clear,clear-day,
pittsburgh,2024-04-12T10:00:00,11.7,11.7,1.5,49.58,0,41.9,,0,0,36.7,15.5,269.3,1021,0,24.1,330,1.2,3,10,Clear,clear-day,
pittsburgh,2024-04-12T11:00:00,13.6,13.6,-0.3,38.44,0,41.9,,0,0,33.8,17.3,275.6,1021,0,24.1,481,1.7,5,10,Clear,clear-day,
pittsburgh,2024-04-12T12:00:00,14.6,14.6,-0.6,35.25,0,41.9,,0,0,31.7,17.3,275.4,1021,0,24.1,610,2.2,6,10,Clear,clear-day,
pittsburgh,2024-04-12T13:00:00,15.7,15.7,-0.9,32.13,0,41.9,,0,0,29.9,17.6,275.2,1022,0,24.1,738,2.7,7,10,Clear,clear-day,
pittsburgh,2024-04-12T14:00:00,16.7,16.7,-1.2,29.49,0.6,41.9,rain,0,0,27.7,17.6,275,1022,0,24.1,867,3.1,9,10,Clear,clear-day,
pittsburgh,2024-04-12T15:00:00,16.8,16.8,-0.4,31.07,0,38.7,,0,0,27,17.3,276.2,1022,1.7,24.1,826,3,8,10,Clear,clear-day,
pittsburgh,2024-04-12T16:00:00,16.8,16.8,0.4,32.92,0,38.7,,0,0,26.6,16.9,277.5,1022,3.3,24.1,786,2.8,8,10,Clear,clear-day,
pittsburgh,2024-04-12T17:00:00,16.9,16.9,1.2,34.66,0,38.7,,0,0,25.9,16.6,278.7,1022,5,24.1,745,2.7,7,10,Clear,clear-day,
pittsburgh,2024-04-12T18:00:00,15.5,15.5,2.1,40.41,0,38.7,,0,0,24.8,13.7,282.3,1023,3.3,24.1,572,2.1,6,10,Clear,clear-day,
pittsburgh,2024-04-12T19:00:00,14.2,14.2,3,46.85,0,38.7,,0,0,23.8,11.2,286,1023,1.7,24.1,398,1.4,4,10,Clear,clear-day,
pittsburgh,2024-04-12T20:00:00,12.8,12.8,3.9,54.68,0.1,38.7,rain,0,0,22.7,8.3,289.6,1024,0,24.1,225,0.8,0,10,Clear,clear-night,
pittsburgh,2024-04-12T21:00:00,11.8,11.8,4,58.81,0,29,,0,0,18.7,7.2,301.2,1025,0,24.1,150,0.5,0,10,Clear,clear-night,
pittsburgh,2024-04-12T22:00:00,10.9,10.9,4.1,62.86,0,29,,0,0,14.8,5.8,312.8,1026,0,24.1,75,0.3,0,10,Clear,clear-night,
pittsburgh,2024-04-12T23:00:00,9.9,9.9,4.2,67.67,0,29,,0,0,10.8,4.7,324.4,1027,0,24.1,0,0,0,10,Clear,clear-night,
pittsburgh,2024-04-13T00:00:00,9.4,9.4,4.1,69.49,0,29,,0,0,7.9,4,322.1,1027,0.4,24.1,0,0,0,10,Clear,clear-night,
pittsburgh,2024-04-13T01:00:00,8.9,8.9,3.9,70.86,0,29,,0,0,5.4,3.2,319.9,1028,0.7,24.1,0,0,0,10,Clear,clear-night,
pittsburgh,2024-04-13T02:00:00,8.4,8.4,3.8,72.79,0.1,29,rain,0,0,2.5,2.5,317.6,1028,1.1,24.1,0,0,0,10,Clear,clear-night,
pittsburgh,2024-04-13T03:00:00,8.1,8.1,3.7,73.77,0,25.8,,0,0,2.5,2.5,229.5,1028,0.7,24.1,0,0,0,10,Clear,clear-night,
pittsburgh,2024-04-13T04:00:00,7.7,7.7,3.6,75.27,0,25.8,,0,0,2.2,2.5,141.5,1028,0.4,24.1,0,0,0,10,Clear,clear-night,
pittsburgh,2024-04-13T05:00:00,7.4,7.4,3.5,76.29,0,25.8,,0,0,2.2,2.5,53.4,1028,0,24.1,0,0,0,10,Clear,clear-night,
pittsburgh,2024-04-13T06:00:00,7.6,7.6,3.5,75.25,0,25.8,,0,0,4.7,3.2,71,1028,0,24.1,10,0,0,10,Clear,clear-night,
pittsburgh,2024-04-13T07:00:00,7.9,7.9,3.6,74.25,0,25.8,,0,0,7.2,4,88.5,1028,0,24.1,19,0.1,0,10,Clear,clear-day,
pittsburgh,2024-04-13T08:00:00,8.1,8.1,3.6,73.25,1.3,25.8,rain,0,0,9.7,4.7,106.1,1028,0,24.1,29,0.1,0,10,Clear,clear-day,
pittsburgh,2024-04-13T09:00:00,10.2,10.2,3.6,63.58,0,25.8,,0,0,10.1,5.8,113.4,1028,0,24.1,175,0.6,2,10,Clear,clear-day,
pittsburgh,2024-04-13T10:00:00,12.3,12.3,3.7,55.71,0,25.8,,0,0,10.4,6.8,120.7,1028,0,24.1,322,1.2,3,10,Clear,clear-day,
pittsburgh,2024-04-13T11:00:00,14.4,14.4,3.7,48.59,0,25.8,,0,0,10.8,7.9,128,1028,0,24.1,468,1.7,5,10,Clear,clear-day,
pittsburgh,2024-04-13T12:00:00,16,16,3.8,44.15,0,25.8,,0,0,10.4,7.9,133,1027,0,24.1,593,2.1,6,10,Clear,clear-day,
pittsburgh,2024-04-13T13:00:00,17.5,17.5,3.9,40.42,0,25.8,,0,0,10.1,7.6,138,1026,0,24.1,719,2.6,7,10,Clear,clear-day,
pittsburgh,2024-04-13T14:00:00,19.1,19.1,4,36.82,0.6,25.8,rain,0,0,9.7,7.6,143,1025,0,24.1,844,3,8,10,Clear,clear-day,
pittsburgh,2024-04-13T15:00:00,19.7,19.7,4.6,36.99,0,29,,0,0,10.8,7.9,143.6,1024,0,24.1,805,2.9,8,10,Clear,clear-day,
pittsburgh,2024-04-13T16:00:00,20.3,20.3,5.3,37.42,0,29,,0,0,12.2,7.9,144.3,1024,0,24.1,766,2.8,8,10,Clear,clear-day,
pittsburgh,2024-04-13T17:00:00,20.9,20.9,5.9,37.6,0,29,,0,0,13.3,8.3,144.9,1023,0,24.1,727,2.6,7,10,Clear,clear-day,
pittsburgh,2024-04-13T18:00:00,19.4,19.4,7.1,44.8,0,29,,0,0,15.8,7.9,136,1023,0,24.1,558,2,6,10,Clear,clear-day,
pittsburgh,2024-04-13T19:00:00,18,18,8.4,53.43,0,29,,0,0,18.7,7.9,127,1023,0,24.1,390,1.4,4,10,Clear,clear-day,
pittsburgh,2024-04-13T20:00:00,16.5,16.5,9.6,63.7,0,29,,0,0,21.2,7.6,118.1,1023,0,24.1,221,0.8,0,10,Clear,clear-night,
pittsburgh,2024-04-13T21:00:00,15.6,15.6,9.1,65.24,0,12.9,,0,0,26.6,8.3,122.2,1023,0.9,24.1,147,0.5,0,10,Clear,clear-night,
pittsburgh,2024-04-13T22:00:00,14.7,14.7,8.6,66.83,0,12.9,,0,0,31.7,9.4,126.4,1023,1.9,24.1,74,0.3,0,10,Clear,clear-night,
pittsburgh,2024-04-13T23:00:00,13.8,13.8,8.1,68.48,0,12.9,,0,0,37.1,10.1,130.5,1023,2.8,24.1,0,0,0,10,Clear,clear-night,
pittsburgh,2024-04-14T00:00:00,13.3,13.3,8,70.26,0,12.9,,0,0,31,9,138.2,1023,3.5,24.1,0,0,0,10,Clear,clear-night,
pittsburgh,2024-04-14T01:00:00,12.7,12.7,7.8,72.08,0,12.9,,0,0,24.8,7.6,146,1022,4.3,24.1,0,0,0,10,Clear,clear-night,
pittsburgh,2024-04-14T02:00:00,12.2,12.2,7.7,73.98,0,12.9,,0,0,18.7,6.5,153.7,1022,5,24.1,0,0,0,10,Clear,clear-night,
pittsburgh,2024-04-14T03:00:00,11.8,11.8,7.6,75.44,0,0,,0,0,18.4,6.5,156.7,1022,5,24.1,0,0,0,10,Clear,clear-night,
pittsburgh,2024-04-14T04:00:00,11.4,11.4,7.6,77.46,0,0,,0,0,18,6.5,159.7,1022,5,24.1,0,0,0,10,Clear,clear-night,
pittsburgh,2024-04-14T05:00:00,11,11,7.5,79.01,0,0,,0,0,17.6,6.5,162.7,1022,5,24.1,0,0,0,10,Clear,clear-night,
pittsburgh,2024-04-14T06:00:00,11.1,11.1,7.4,77.95,0,0,,0,0,20.5,6.5,166.2,1022,36.5,24.1,10,0,0,10,Partially cloudy,partly-cloudy-night,
pittsburgh,2024-04-14T07:00:00,11.3,11.3,7.2,75.88,0,0,,0,0,23.8,6.5,169.6,1022,67.9,24.1,21,0.1,0,10,Partially cloudy,partly-cloudy-day,
pittsburgh,2024-04-14T08:00:00,11.4,11.4,7.1,74.86,0,0,,0,0,26.6,6.5,173.1,1022,99.4,24.1,31,0.1,0,10,Overcast,cloudy,
pittsburgh,2024-04-14T09:00:00,13.5,13.5,7.1,65.22,0,12.9,,0,0,25.2,8.3,181.5,1022,89.8,24.1,163,0.6,2,10,Partially cloudy,partly-cloudy-day,
pittsburgh,2024-04-14T10:00:00,15.5,15.5,7,56.92,0,12.9,,0,0,23.4,9.7,189.8,1021,80.1,24.1,296,1.1,3,10,Partially cloudy,partly-cloudy-day,
pittsburgh,2024-04-14T11:00:00,17.6,17.6,7,49.81,0,12.9,,0,0,22,11.5,198.2,1021,70.5,24.1,428,1.5,4,10,Partially cloudy,partly-cloudy-day,
pittsburgh,2024-04-14T12:00:00,18.9,18.9,7.8,48.48,0,12.9,,0,0,19.4,11.2,205.1,1020,80.3,24.1,548,2,5,10,Partially cloudy,partly-cloudy-day,
pittsburgh,2024-04-14T13:00:00,20.3,20.3,8.7,47.24,0,12.9,,0,0,16.9,10.4,211.9,1019,90.2,24.1,668,2.4,7,10,Overcast,cloudy,
pittsburgh,2024-04-14T14:00:00,21.6,21.6,9.5,46.03,0.2,12.9,rain,0,0,14.4,10.1,218.8,1018,100,24.1,788,2.8,8,10,Overcast,cloudy,
pittsburgh,2024-04-14T15:00:00,21.8,21.8,9.7,46.09,0,12.9,,0,0,14.8,10.1,219.3,1017,100,24.1,733,2.6,7,10,Overcast,cloudy,
pittsburgh,2024-04-14T16:00:00,22.1,22.1,10,46.17,0,12.9,,0,0,14.8,9.7,219.7,1017,100,24.1,677,2.4,7,10,Overcast,cloudy,
pittsburgh,2024-04-14T17:00:00,22.3,22.3,10.2,46.22,0,12.9,,0,0,15.1,9.7,220.2,1016,100,24.1,622,2.2,6,10,Overcast,cloudy,
pittsburgh,2024-04-14T18:00:00,21.1,21.1,10.6,51.09,0,12.9,,0,0,12.6,7.9,231.7,1016,100,24.1,458,1.6,5,10,Overcast,cloudy,
pittsburgh,2024-04-14T19:00:00,20,20,11,56.15,0,12.9,,0,0,9.7,6.1,243.1,1017,100,24.1,293,1.1,3,10,Overcast,cloudy,
pittsburgh,2024-04-14T20:00:00,18.8,18.8,11.4,62.13,0,12.9,,0,0,7.2,4.3,254.6,1017,100,24.1,129,0.5,0,10,Overcast,cloudy,
pittsburgh,2024-04-14T21:00:00,17.7,17.7,11.6,67.46,0,29,,0,0,9,5,286.3,1017,100,24.1,86,0.3,0,10,Overcast,cloudy,
pittsburgh,2024-04-14T22:00:00,16.7,16.7,11.8,72.82,0,29,,0,0,10.8,5.8,318,1017,100,24.1,43,0.2,0,10,Overcast,cloudy,
pittsburgh,2024-04-14T23:00:00,15.6,15.6,12,79.15,0,29,,0,0,12.6,6.5,349.7,1017,100,24.1,0,0,0,10,Overcast,cloudy,
pittsburgh,2024-04-15T00:00:00,14.7,14.7,11.4,80.6,0,29,,0,0,14,7.6,345.3,1017,100,24.1,0,0,0,10,Overcast,cloudy,
pittsburgh,2024-04-15T01:00:00,13.8,13.8,10.7,81.56,0,29,,0,0,15.5,8.6,340.9,1017,100,24.1,0,0,0,10,Overcast,cloudy,
pittsburgh,2024-04-15T02:00:00,12.9,12.9,10.1,83.09,0,29,,0,0,16.9,9.7,336.5,1017,100,24.1,0,0,0,10,Overcast,cloudy,
pittsburgh,2024-04-15T03:00:00,12.2,12.2,9.4,83.01,0,12.9,,0,0,17.3,9.4,337.6,1017,96.3,24.1,0,0,0,10,Overcast,cloudy,
pittsburgh,2024-04-15T04:00:00,11.6,11.6,8.8,82.94,0,12.9,,0,0,17.6,9.4,338.6,1017,92.5,24.1,0,0,0,10,Overcast,cloudy,
pittsburgh,2024-04-15T05:00:00,10.9,10.9,8.1,82.85,0,12.9,,0,0,18,9,339.7,1017,88.8,24.1,0,0,0,10,Partially cloudy,partly-cloudy-night,
pittsburgh,2024-04-15T06:00:00,10.5,10.5,7.7,82.8,0,12.9,,0,0,19.1,10.1,338.4,1018,62.4,24.1,4,0,0,10,Partially cloudy,partly-cloudy-night,
pittsburgh,2024-04-15T07:00:00,10.2,10.2,7.2,81.64,0,12.9,,0,0,20.2,10.8,337,1018,36,24.1,9,0,0,10,Partially cloudy,partly-cloudy-day,
pittsburgh,2024-04-15T08:00:00,9.8,8,6.8,81.59,0,12.9,,0,0,21.2,11.9,335.7,1019,9.6,24.1,13,0,0,10,Clear,clear-day,
pittsburgh,2024-04-15T09:00:00,10.2,10.2,6.2,76.22,0,19.4,,0,0,22,13.7,339.8,1020,39.7,24.1,120,0.4,1,10,Partially cloudy,partly-cloudy-day,
pittsburgh,2024-04-15T10:00:00,10.5,10.5,5.5,71.18,0,19.4,,0,0,23,15.1,344,1020,69.9,24.1,226,0.8,2,10,Partially cloudy,partly-cloudy-day,
pittsburgh,2024-04-15T11:00:00,10.9,10.9,4.9,66.47,0,19.4,,0,0,23.8,16.9,348.1,1021,100,24.1,333,1.2,3,10,Overcast,cloudy,
pittsburgh,2024-04-15T12:00:00,10.5,10.5,4.3,65.46,0,19.4,,0,0,22.7,16.2,349.4,1021,99.1,24.1,288,1,3,10,Overcast,cloudy,
pittsburgh,2024-04-15T13:00:00,10,7.8,3.6,64.44,0,19.4,,0,0,21.2,15.5,350.7,1021,98.2,24.1,243,0.9,2,10,Overcast,cloudy,
pittsburgh,2024-04-15T14:00:00,9.6,7.4,3,63.44,0,19.4,,0,0,20.2,14.8,352,1021,97.3,24.1,198,0.7,2,10,Overcast,cloudy,
pittsburgh,2024-04-15T15:00:00,9,6.7,2.5,63.76,0,38.7,,0,0,21.2,14.8,351.2,1022,98.2,24.1,190,0.7,2,10,Overcast,cloudy,
pittsburgh,2024-04-15T16:00:00,8.5,6,2.1,64.1,0,38.7,,0,0,22.7,15.1,350.3,1022,99.1,24.1,182,0.7,2,10,Overcast,cloudy,
pittsburgh,2024-04-15T17:00:00,7.9,5.3,1.6,64.42,0,38.7,,0,0,23.8,15.1,349.5,1023,100,24.1,174,0.6,2,10,Overcast,cloudy,
pittsburgh,2024-04-15T18:00:00,7.6,5.2,0.4,60.31,0,38.7,,0,0,24.8,13.3,236.3,1023,95.2,24.1,133,0.5,1,10,Overcast,cloudy,
pittsburgh,2024-04-15T19:00:00,7.3,5.1,-0.9,56.01,0,38.7,,0,0,25.9,11.5,123.1,1024,90.3,24.1,93,0.3,1,10,Overcast,cloudy,
pittsburgh,2024-04-15T20:00:00,7,5.1,-2.1,52.35,0.4,38.7,rain,0,0,27,9.7,9.9,1024,85.5,24.1,52,0.2,0,10,Partially cloudy,partly-cloudy-night,
pittsburgh,2024-04-15T21:00:00,6.9,5.2,-1.9,53.49,0,19.4,,0,0,24.1,8.6,125.3,1024,90.3,24.1,35,0.1,0,10,Overcast,cloudy,
pittsburgh,2024-04-15T22:00:00,6.8,5.3,-1.6,55.06,0,19.4,,0,0,20.9,7.6,240.6,1025,95.2,24.1,17,0.1,0,10,Overcast,cloudy,
pittsburgh,2024-04-15T23:00:00,6.7,5.5,-1.4,56.26,0,19.4,,0,0,18,6.5,356,1025,100,24.1,0,0,0,10,Overcast,cloudy,
